[
  {
    "code": "01",
    "name": "Thành phố Hà Nội",
    "unit": "Thành phố Trung ương"
  },
  {
    "code": "02",
    "name": "Tỉnh Hà Giang",
    "unit": "Tỉnh"
  },
  {
    "code": "04",
    "name": "Tỉnh Cao Bằng",
    "unit": "Tỉnh"
  },
  {
    "code": "06",
    "name": "Tỉnh Bắc Kạn",
    "unit": "Tỉnh"
  },
  {
    "code": "08",
    "name": "Tỉnh Tuyên Quang",
    "unit": "Tỉnh"
  },
  {
    "code": "10",
    "name": "Tỉnh Lào Cai",
    "unit": "Tỉnh"
  },
  {
    "code": "11",
    "name": "Tỉnh Điện Biên",
    "unit": "Tỉnh"
  },
  {
    "code": "12",
    "name": "Tỉnh Lai Châu",
    "unit": "Tỉnh"
  },
  {
    "code": "14",
    "name": "Tỉnh Sơn La",
    "unit": "Tỉnh"
  },
  {
    "code": "15",
    "name": "Tỉnh Yên Bái",
    "unit": "Tỉnh"
  },
  {
    "code": "17",
    "name": "Tỉnh Hoà Bình",
    "unit": "Tỉnh"
  },
  {
    "code": "19",
    "name": "Tỉnh Thái Nguyên",
    "unit": "Tỉnh"
  },
  {
    "code": "20",
    "name": "Tỉnh Lạng Sơn",
    "unit": "Tỉnh"
  },
  {
    "code": "22",
    "name": "Tỉnh Quảng Ninh",
    "unit": "Tỉnh"
  },
  {
    "code": "24",
    "name": "Tỉnh Bắc Giang",
    "unit": "Tỉnh"
  },
  {
    "code": "25",
    "name": "Tỉnh Phú Thọ",
    "unit": "Tỉnh"
  },
  {
    "code": "26",
    "name": "Tỉnh Vĩnh Phúc",
    "unit": "Tỉnh"
  },
  {
    "code": "27",
    "name": "Tỉnh Bắc Ninh",
    "unit": "Tỉnh"
  },
  {
    "code": "30",
    "name": "Tỉnh Hải Dương",
    "unit": "Tỉnh"
  },
  {
    "code": "31",
    "name": "Thành phố Hải Phòng",
    "unit": "Thành phố Trung ương"
  },
  {
    "code": "33",
    "name": "Tỉnh Hưng Yên",
    "unit": "Tỉnh"
  },
  {
    "code": "34",
    "name": "Tỉnh Thái Bình",
    "unit": "Tỉnh"
  },
  {
    "code": "35",
    "name": "Tỉnh Hà Nam",
    "unit": "Tỉnh"
  },
  {
    "code": "36",
    "name": "Tỉnh Nam Định",
    "unit": "Tỉnh"
  },
  {
    "code": "37",
    "name": "Tỉnh Ninh Bình",
    "unit": "Tỉnh"
  },
  {
    "code": "38",
    "name": "Tỉnh Thanh Hóa",
    "unit": "Tỉnh"
  },
  {
    "code": "40",
    "name": "Tỉnh Nghệ An",
    "unit": "Tỉnh"
  },
  {
    "code": "42",
    "name": "Tỉnh Hà Tĩnh",
    "unit": "Tỉnh"
  },
  {
    "code": "44",
    "name": "Tỉnh Quảng Bình",
    "unit": "Tỉnh"
  },
  {
    "code": "45",
    "name": "Tỉnh Quảng Trị",
    "unit": "Tỉnh"
  },
  {
    "code": "46",
    "name": "Tỉnh Thừa Thiên Huế",
    "unit": "Tỉnh"
  },
  {
    "code": "48",
    "name": "Thành phố Đà Nẵng",
    "unit": "Thành phố Trung ương"
  },
  {
    "code": "49",
    "name": "Tỉnh Quảng Nam",
    "unit": "Tỉnh"
  },
  {
    "code": "51",
    "name": "Tỉnh Quảng Ngãi",
    "unit": "Tỉnh"
  },
  {
    "code": "52",
    "name": "Tỉnh Bình Định",
    "unit": "Tỉnh"
  },
  {
    "code": "54",
    "name": "Tỉnh Phú Yên",
    "unit": "Tỉnh"
  },
  {
    "code": "56",
    "name": "Tỉnh Khánh Hòa",
    "unit": "Tỉnh"
  },
  {
    "code": "58",
    "name": "Tỉnh Ninh Thuận",
    "unit": "Tỉnh"
  },
  {
    "code": "60",
    "name": "Tỉnh Bình Thuận",
    "unit": "Tỉnh"
  },
  {
    "code": "62",
    "name": "Tỉnh Kon Tum",
    "unit": "Tỉnh"
  },
  {
    "code": "64",
    "name": "Tỉnh Gia Lai",
    "unit": "Tỉnh"
  },
  {
    "code": "66",
    "name": "Tỉnh Đắk Lắk",
    "unit": "Tỉnh"
  },
  {
    "code": "67",
    "name": "Tỉnh Đắk Nông",
    "unit": "Tỉnh"
  },
  {
    "code": "68",
    "name": "Tỉnh Lâm Đồng",
    "unit": "Tỉnh"
  },
  {
    "code": "70",
    "name": "Tỉnh Bình Phước",
    "unit": "Tỉnh"
  },
  {
    "code": "72",
    "name": "Tỉnh Tây Ninh",
    "unit": "Tỉnh"
  },
  {
    "code": "74",
    "name": "Tỉnh Bình Dương",
    "unit": "Tỉnh"
  },
  {
    "code": "75",
    "name": "Tỉnh Đồng Nai",
    "unit": "Tỉnh"
  },
  {
    "code": "77",
    "name": "Tỉnh Bà Rịa - Vũng Tàu",
    "unit": "Tỉnh"
  },
  {
    "code": "79",
    "name": "Thành phố Hồ Chí Minh",
    "unit": "Thành phố Trung ương"
  },
  {
    "code": "80",
    "name": "Tỉnh Long An",
    "unit": "Tỉnh"
  },
  {
    "code": "82",
    "name": "Tỉnh Tiền Giang",
    "unit": "Tỉnh"
  },
  {
    "code": "83",
    "name": "Tỉnh Bến Tre",
    "unit": "Tỉnh"
  },
  {
    "code": "84",
    "name": "Tỉnh Trà Vinh",
    "unit": "Tỉnh"
  },
  {
    "code": "86",
    "name": "Tỉnh Vĩnh Long",
    "unit": "Tỉnh"
  },
  {
    "code": "87",
    "name": "Tỉnh Đồng Tháp",
    "unit": "Tỉnh"
  },
  {
    "code": "89",
    "name": "Tỉnh An Giang",
    "unit": "Tỉnh"
  },
  {
    "code": "91",
    "name": "Tỉnh Kiên Giang",
    "unit": "Tỉnh"
  },
  {
    "code": "92",
    "name": "Thành phố Cần Thơ",
    "unit": "Thành phố Trung ương"
  },
  {
    "code": "93",
    "name": "Tỉnh Hậu Giang",
    "unit": "Tỉnh"
  },
  {
    "code": "94",
    "name": "Tỉnh Sóc Trăng",
    "unit": "Tỉnh"
  },
  {
    "code": "95",
    "name": "Tỉnh Bạc Liêu",
    "unit": "Tỉnh"
  },
  {
    "code": "96",
    "name": "Tỉnh Cà Mau",
    "unit": "Tỉnh"
  }
]